search_city,name,company,state,city,salary,location,url
berlin,Data Scientist,Remerge  HOT,,Berlin,,Berlin,https://www.glassdoor.com/partner/jobListing.htm?pos=101&ao=52572&s=58&guid=00000161290e2a238b2eee519ad4d287&src=GD_JOB_AD&t=SR&extid=1&exst=O&ist=L&ast=OL&vt=w&slr=true&rtp=0&cs=1_94f1619b&cb=1516812249874&jobListingId=2602315893
berlin,Data Scientist,Shopify  HOT,,Berlin,,Berlin,https://www.glassdoor.com/partner/jobListing.htm?pos=102&ao=135414&s=58&guid=00000161290e2a238b2eee519ad4d287&src=GD_JOB_AD&t=SR&extid=1&exst=O&ist=L&ast=OL&vt=w&slr=true&rtp=0&cs=1_ab81ebd6&cb=1516812249876&jobListingId=2531182868
berlin,Data Scientist,Fineway,,München,,München,https://www.glassdoor.com/partner/jobListing.htm?pos=103&ao=4120&s=58&guid=00000161290e2a238b2eee519ad4d287&src=GD_JOB_AD&t=SR&extid=1&exst=O&ist=L&ast=OL&vt=w&slr=true&rtp=0&cs=1_bf5633bd&cb=1516812249877&jobListingId=2443190719
berlin,Data Scientist (m/f),Airbus,,München,,München,https://www.glassdoor.com/partner/jobListing.htm?pos=104&ao=135171&s=58&guid=00000161290e2a238b2eee519ad4d287&src=GD_JOB_AD&t=SR&extid=1&exst=O&ist=L&ast=OL&vt=w&slr=true&rtp=0&cs=1_0b46851d&cb=1516812249879&jobListingId=2619412649
berlin,"Data Scientist, Marketing",Spotify  HOT,,Berlin,,Berlin,https://www.glassdoor.com/partner/jobListing.htm?pos=105&ao=213985&s=58&guid=00000161290e2a238b2eee519ad4d287&src=GD_JOB_AD&t=SR&extid=1&exst=O&ist=L&ast=OL&vt=w&slr=true&rtp=0&cs=1_327a5e32&cb=1516812249881&jobListingId=2606429926
berlin,Junior Data Scientist,Babbel,,Berlin,,Berlin,https://www.glassdoor.com/partner/jobListing.htm?pos=106&ao=231285&s=58&guid=00000161290e2a238b2eee519ad4d287&src=GD_JOB_AD&t=SR&extid=1&exst=O&ist=L&ast=OL&vt=w&slr=true&rtp=0&cs=1_b423dd49&cb=1516812249882&jobListingId=2637139580
berlin,Senior Data Scientist - Natural Language Processing - Chegg Math Team,Chegg  NEU,,Berlin,,Berlin,https://www.glassdoor.com/partner/jobListing.htm?pos=107&ao=286054&s=58&guid=00000161290e2a238b2eee519ad4d287&src=GD_JOB_AD&t=SR&extid=1&exst=O&ist=L&ast=OL&vt=w&slr=true&rtp=0&cs=1_5a998b65&cb=1516812249885&jobListingId=2599253795
berlin,Machine Learning - Data Scientist,RED Commerce,,Berlin,,Berlin,https://www.glassdoor.com/partner/jobListing.htm?pos=108&ao=4120&s=58&guid=00000161290e2a238b2eee519ad4d287&src=GD_JOB_AD&t=SR&extid=1&exst=O&ist=L&ast=OL&vt=w&slr=true&rtp=0&cs=1_a306dbb7&cb=1516812249886&jobListingId=2641544338
berlin,Data Scientist,Prodigy A.I. GmbH,,Berlin,,Berlin,https://www.glassdoor.com/partner/jobListing.htm?pos=109&ao=14295&s=58&guid=00000161290e2a238b2eee519ad4d287&src=GD_JOB_AD&t=SR&extid=1&exst=O&ist=L&ast=OL&vt=w&slr=true&rtp=0&aa=1&ea=1&cs=1_4aede372&cb=1516812249888&jobListingId=2630555125
berlin,Data Scientist (m/w),EXXETA AG,,Deutschland,,Deutschland,https://www.glassdoor.com/partner/jobListing.htm?pos=110&ao=114106&s=58&guid=00000161290e2a238b2eee519ad4d287&src=GD_JOB_AD&t=SR&extid=1&exst=O&ist=L&ast=OL&vt=w&slr=true&rtp=0&cs=1_b47dd4a8&cb=1516812249890&jobListingId=2634225105
berlin,Data Scientist,InnoGames,,Hamburg,,Hamburg,https://www.glassdoor.com/partner/jobListing.htm?pos=111&ao=4128&s=58&guid=00000161290e2a238b2eee519ad4d287&src=GD_JOB_AD&t=SR&extid=1&exst=O&ist=L&ast=OL&vt=w&slr=true&rtp=0&cs=1_4022baad&cb=1516812249892&jobListingId=2545347296
berlin,Data Scientist,Publicis,,Berlin,,Berlin,https://www.glassdoor.com/partner/jobListing.htm?pos=112&ao=4120&s=58&guid=00000161290e2a238b2eee519ad4d287&src=GD_JOB_AD&t=SR&extid=1&exst=O&ist=L&ast=OL&vt=w&slr=true&rtp=0&cs=1_5732ce1b&cb=1516812249894&jobListingId=2419092594
berlin,Data Scientist/ Data Analyst (m/f),Ryte,,Garching b.München,,Garching b.München,https://www.glassdoor.com/partner/jobListing.htm?pos=113&ao=4120&s=58&guid=00000161290e2a238b2eee519ad4d287&src=GD_JOB_AD&t=SR&extid=1&exst=O&ist=L&ast=OL&vt=w&slr=true&rtp=0&aa=1&ea=1&cs=1_75beb35e&cb=1516812249896&jobListingId=2598972456
berlin,Data Scientist,ERGO Insurance Group,,Garching b.München,,Garching b.München,https://www.glassdoor.com/partner/jobListing.htm?pos=114&ao=4120&s=58&guid=00000161290e2a238b2eee519ad4d287&src=GD_JOB_AD&t=SR&extid=1&exst=O&ist=L&ast=OL&vt=w&slr=true&rtp=0&cs=1_f1c65e0b&cb=1516812249897&jobListingId=2568881703
berlin,Data Scientist (m/f),Signavio,,Berlin,,Berlin,https://www.glassdoor.com/partner/jobListing.htm?pos=115&ao=4120&s=58&guid=00000161290e2a238b2eee519ad4d287&src=GD_JOB_AD&t=SR&extid=1&exst=O&ist=L&ast=OL&vt=w&slr=true&rtp=0&aa=1&ea=1&cs=1_79da9cc2&cb=1516812249899&jobListingId=2548151195
berlin,Data Scientist,INFORM GmbH,,Aachen,,Aachen,https://www.glassdoor.com/partner/jobListing.htm?pos=116&ao=43297&s=58&guid=00000161290e2a238b2eee519ad4d287&src=GD_JOB_AD&t=SR&extid=1&exst=O&ist=L&ast=OL&vt=w&slr=true&rtp=0&cs=1_45393eeb&cb=1516812249901&jobListingId=2631972975
berlin,Data Scientist (m/w),BNP Paribas,,München,,München,https://www.glassdoor.com/partner/jobListing.htm?pos=117&ao=134733&s=58&guid=00000161290e2a238b2eee519ad4d287&src=GD_JOB_AD&t=SR&extid=1&exst=O&ist=L&ast=OL&vt=w&slr=true&rtp=0&cs=1_16fd61b8&cb=1516812249911&jobListingId=2517811397
berlin,Data Scientist,Weidmller Interface GmbH & Co. KG,,Detmold,,Detmold,https://www.glassdoor.com/partner/jobListing.htm?pos=118&ao=43297&s=58&guid=00000161290e2a238b2eee519ad4d287&src=GD_JOB_AD&t=SR&extid=1&exst=O&ist=L&ast=OL&vt=w&slr=true&rtp=0&cs=1_f946d1fa&cb=1516812249913&jobListingId=2581320619
berlin,Trainee Data Scientist (w/m),PwC,,München,,München,https://www.glassdoor.com/partner/jobListing.htm?pos=119&ao=4120&s=58&guid=00000161290e2a238b2eee519ad4d287&src=GD_JOB_AD&t=SR&extid=1&exst=O&ist=L&ast=OL&vt=w&slr=true&rtp=0&cs=1_67a28c65&cb=1516812249916&jobListingId=2615215021
berlin,Data Scientist Consultant - (m/f),Amazon,,München,,München,https://www.glassdoor.com/partner/jobListing.htm?pos=120&ao=295207&s=58&guid=00000161290e2a238b2eee519ad4d287&src=GD_JOB_AD&t=SR&extid=1&exst=O&ist=L&ast=OL&vt=w&slr=true&rtp=0&cs=1_8c61e923&cb=1516812249923&jobListingId=2585863682
berlin,Data Scientist/Statistiker/,Ford Motor Company,,Köln,,Köln,https://www.glassdoor.com/partner/jobListing.htm?pos=121&ao=4120&s=58&guid=00000161290e2a238b2eee519ad4d287&src=GD_JOB_AD&t=SR&extid=1&exst=O&ist=L&ast=OL&vt=w&slr=true&rtp=0&cs=1_cc1bdade&cb=1516812249926&jobListingId=2618683691
berlin,Lead Data Scientist,Futurice,,München,,München,https://www.glassdoor.com/partner/jobListing.htm?pos=122&ao=4120&s=58&guid=00000161290e2a238b2eee519ad4d287&src=GD_JOB_AD&t=SR&extid=1&exst=O&ist=L&ast=OL&vt=w&slr=true&rtp=0&cs=1_a8f4c3a0&cb=1516812250040&jobListingId=2547282010
berlin,Data Scientist (m/f),Oberlo,,Berlin,,Berlin,https://www.glassdoor.com/partner/jobListing.htm?pos=123&ao=14295&s=58&guid=00000161290e2a238b2eee519ad4d287&src=GD_JOB_AD&t=SR&extid=1&exst=O&ist=L&ast=OL&vt=w&slr=true&rtp=0&aa=1&ea=1&cs=1_a03b2129&cb=1516812250042&jobListingId=2518330737
berlin,Data Scientist - Personalization,Zalando,,Berlin,,Berlin,https://www.glassdoor.com/partner/jobListing.htm?pos=124&ao=293069&s=58&guid=00000161290e2a238b2eee519ad4d287&src=GD_JOB_AD&t=SR&extid=1&exst=O&ist=L&ast=OL&vt=w&slr=true&rtp=0&cs=1_441dc2dd&cb=1516812250044&jobListingId=2548910837
berlin,Senior Data Scientist (m/f),Siemens PLC,,Garching b.München,,Garching b.München,https://www.glassdoor.com/partner/jobListing.htm?pos=125&ao=201281&s=58&guid=00000161290e2a238b2eee519ad4d287&src=GD_JOB_AD&t=SR&extid=1&exst=O&ist=L&ast=OL&vt=w&slr=true&rtp=0&cs=1_e3efa98e&cb=1516812250046&jobListingId=2634165873
berlin,Data Scientist,Trommsdorff + Drner,,Berlin,,Berlin,https://www.glassdoor.com/partner/jobListing.htm?pos=126&ao=4120&s=58&guid=00000161290e2a238b2eee519ad4d287&src=GD_JOB_AD&t=SR&extid=1&exst=O&ist=L&ast=OL&vt=w&slr=true&rtp=0&aa=1&ea=1&cs=1_4f164e9e&cb=1516812250049&jobListingId=2585530622
berlin,Data Scientist/Machine Learning Developer (m/f),Continental,,Frankfurt,,Frankfurt,https://www.glassdoor.com/partner/jobListing.htm?pos=127&ao=290626&s=58&guid=00000161290e2a238b2eee519ad4d287&src=GD_JOB_AD&t=SR&extid=1&exst=O&ist=L&ast=OL&vt=w&slr=true&rtp=0&cs=1_eb8ca109&cb=1516812250051&jobListingId=2594631224
berlin,Data Scientist (m/w),ACONEXT Holding,,Fellbach,,Fellbach,https://www.glassdoor.com/partner/jobListing.htm?pos=128&ao=4120&s=58&guid=00000161290e2a238b2eee519ad4d287&src=GD_JOB_AD&t=SR&extid=1&exst=O&ist=L&ast=OL&vt=w&slr=true&rtp=0&cs=1_01945bfb&cb=1516812250053&jobListingId=2610343528
berlin,Data Scientist (m/w),fme,,Braunschweig,,Braunschweig,https://www.glassdoor.com/partner/jobListing.htm?pos=129&ao=4120&s=58&guid=00000161290e2a238b2eee519ad4d287&src=GD_JOB_AD&t=SR&extid=1&exst=O&ist=L&ast=OL&vt=w&slr=true&rtp=0&cs=1_0ac7ac4a&cb=1516812250055&jobListingId=2566932542
berlin,Data Scientist (m/w),Stern-Wywiol Gruppe GmbH & Co. KG,,Hamburg,,Hamburg,https://www.glassdoor.com/partner/jobListing.htm?pos=130&ao=114106&s=58&guid=00000161290e2a238b2eee519ad4d287&src=GD_JOB_AD&t=SR&extid=1&exst=O&ist=L&ast=OL&vt=w&slr=true&rtp=0&cs=1_32bc4dc2&cb=1516812250057&jobListingId=2638563817
stuttgart,Data Scientist / Data Engineer,Zoi  HOT,,Stuttgart,,Stuttgart,https://www.glassdoor.com/partner/jobListing.htm?pos=101&ao=52572&s=58&guid=00000161290e32889e8c7960e17ac39f&src=GD_JOB_AD&t=SR&extid=1&exst=OL&ist=&ast=OL&vt=w&slr=true&rtp=0&cs=1_740c16e6&cb=1516812251971&jobListingId=2611724051
stuttgart,Data Scientist (m/w),ACONEXT Holding  HOT,,Fellbach,,Fellbach,https://www.glassdoor.com/partner/jobListing.htm?pos=102&ao=4120&s=58&guid=00000161290e32889e8c7960e17ac39f&src=GD_JOB_AD&t=SR&extid=1&exst=OL&ist=&ast=OL&vt=w&slr=true&rtp=0&cs=1_6a8dc2e1&cb=1516812251972&jobListingId=2610343528
stuttgart,Data Scientist (m/w),ORSAY GmbH  NEU,,Stuttgart,,Stuttgart,https://www.glassdoor.com/partner/jobListing.htm?pos=103&ao=212544&s=58&guid=00000161290e32889e8c7960e17ac39f&src=GD_JOB_AD&t=SR&extid=1&exst=OL&ist=&ast=OL&vt=w&slr=true&rtp=0&cs=1_55e5a9cc&cb=1516812251973&jobListingId=2644826696
stuttgart,Data Scientist / Data Expert IoT im Bereich Future Transportation@Vans,Daimler AG,,Stuttgart,,Stuttgart,https://www.glassdoor.com/partner/jobListing.htm?pos=104&ao=114106&s=58&guid=00000161290e32889e8c7960e17ac39f&src=GD_JOB_AD&t=SR&extid=1&exst=OL&ist=&ast=OL&vt=w&slr=true&rtp=0&cs=1_0d3bb983&cb=1516812251974&jobListingId=2637822872
stuttgart,Data Scientist (m/f),Advantest,,Böblingen,,Böblingen,https://www.glassdoor.com/partner/jobListing.htm?pos=105&ao=4009&s=58&guid=00000161290e32889e8c7960e17ac39f&src=GD_JOB_AD&t=SR&extid=1&exst=OL&ist=&ast=OL&vt=w&slr=true&rtp=0&cs=1_8be8fcce&cb=1516812251976&jobListingId=2618753452
stuttgart,(Junior) Data Scientist (m/w),Hugo Boss  HOT,,Metzingen,,Metzingen,https://www.glassdoor.com/partner/jobListing.htm?pos=106&ao=4120&s=58&guid=00000161290e32889e8c7960e17ac39f&src=GD_JOB_AD&t=SR&extid=1&exst=OL&ist=&ast=OL&vt=w&slr=true&rtp=0&cs=1_986a915a&cb=1516812251989&jobListingId=2595719743
stuttgart,(Senior) Data Scientist - CarIT Analytics (m/w),Daimler TSS GmbH,,Stuttgart,,Stuttgart,https://www.glassdoor.com/partner/jobListing.htm?pos=107&ao=114106&s=58&guid=00000161290e32889e8c7960e17ac39f&src=GD_JOB_AD&t=SR&extid=1&exst=OL&ist=&ast=OL&vt=w&slr=true&rtp=0&cs=1_7d5c4adf&cb=1516812251990&jobListingId=2640468747
stuttgart,Data Scientist Consultant (m/w),ACONEXT Holding,,Stuttgart,,Stuttgart,https://www.glassdoor.com/partner/jobListing.htm?pos=108&ao=4120&s=58&guid=00000161290e32889e8c7960e17ac39f&src=GD_JOB_AD&t=SR&extid=1&exst=OL&ist=&ast=OL&vt=w&slr=true&rtp=0&cs=1_ec5cb063&cb=1516812251991&jobListingId=2607109342
stuttgart,"(Senior) Consultant Analytics, Data Scientist (m/w)",msg systems ag,,Stuttgart,,Stuttgart,https://www.glassdoor.com/partner/jobListing.htm?pos=109&ao=114109&s=58&guid=00000161290e32889e8c7960e17ac39f&src=GD_JOB_AD&t=SR&extid=1&exst=OL&ist=&ast=OL&vt=w&slr=true&rtp=0&cs=1_cb74af05&cb=1516812251992&jobListingId=2614772046
stuttgart,ANALYST CONSULTANT (M/W) DATA SCIENTIST,adesso AG,,Stuttgart,,Stuttgart,https://www.glassdoor.com/partner/jobListing.htm?pos=110&ao=112006&s=58&guid=00000161290e32889e8c7960e17ac39f&src=GD_JOB_AD&t=SR&extid=1&exst=OL&ist=&ast=OL&vt=w&slr=true&rtp=0&cs=1_93cbb729&cb=1516812251993&jobListingId=2643818645
stuttgart,Data Scientist (m/w) Automotive Powertrain Solutions,Bosch  NEU,,Stuttgart,,Stuttgart,https://www.glassdoor.com/partner/jobListing.htm?pos=111&ao=82955&s=58&guid=00000161290e32889e8c7960e17ac39f&src=GD_JOB_AD&t=SR&extid=1&exst=OL&ist=&ast=OL&vt=w&slr=true&rtp=0&cs=1_a153512e&cb=1516812251995&jobListingId=2643841305
stuttgart,Technical Junior Data Analyst & Data Scientist (f/m),MHP - A Porsche Company,,Ludwigsburg,,Ludwigsburg,https://www.glassdoor.com/partner/jobListing.htm?pos=112&ao=193528&s=58&guid=00000161290e32889e8c7960e17ac39f&src=GD_JOB_AD&t=SR&extid=1&exst=OL&ist=&ast=OL&vt=w&slr=true&rtp=0&cs=1_16fab86c&cb=1516812251996&jobListingId=2389852077
stuttgart,Lead Data Scientist (f/m),DXC Technology,,Böblingen,,Böblingen,https://www.glassdoor.com/partner/jobListing.htm?pos=113&ao=233837&s=58&guid=00000161290e32889e8c7960e17ac39f&src=GD_JOB_AD&t=SR&extid=1&exst=OL&ist=&ast=OL&vt=w&slr=true&rtp=0&cs=1_f15ef982&cb=1516812251997&jobListingId=2634249231
stuttgart,Data Scientist - Software Development Engineer,Micro Focus,,Böblingen,,Böblingen,https://www.glassdoor.com/partner/jobListing.htm?pos=114&ao=247042&s=58&guid=00000161290e32889e8c7960e17ac39f&src=GD_JOB_AD&t=SR&extid=1&exst=OL&ist=&ast=OL&vt=w&slr=true&rtp=0&cs=1_b8dc5207&cb=1516812251998&jobListingId=2582577595
stuttgart,Data Scientist (m/w) Manufacturing/Engineering Daten,Bosch  NEU,,Stuttgart,,Stuttgart,https://www.glassdoor.com/partner/jobListing.htm?pos=115&ao=82955&s=58&guid=00000161290e32889e8c7960e17ac39f&src=GD_JOB_AD&t=SR&extid=1&exst=OL&ist=&ast=OL&vt=w&slr=true&rtp=0&cs=1_931cbe87&cb=1516812251999&jobListingId=2643858260
stuttgart,Lead Data Analyst / Data Scientist Automotive (m/w),msg systems ag,,Stuttgart,,Stuttgart,https://www.glassdoor.com/partner/jobListing.htm?pos=116&ao=212547&s=58&guid=00000161290e32889e8c7960e17ac39f&src=GD_JOB_AD&t=SR&extid=1&exst=OL&ist=&ast=OL&vt=w&slr=true&rtp=0&cs=1_5ddff76e&cb=1516812252000&jobListingId=2635566395
stuttgart,Pflichtpraktikum ab Mrz 2018 im Bereich Big Data im internationalen Einkauf,Daimler AG  NEU,,Stuttgart,,Stuttgart,https://www.glassdoor.com/partner/jobListing.htm?pos=117&ao=114106&s=58&guid=00000161290e32889e8c7960e17ac39f&src=GD_JOB_AD&t=SR&extid=1&exst=OL&ist=&ast=OL&vt=w&slr=true&rtp=0&cs=1_54908953&cb=1516812252001&jobListingId=2644846253
stuttgart,Data Scientist Tax (f/m) / Stuttgart or Dsseldorf,EY,,Stuttgart,,Stuttgart,https://www.glassdoor.com/partner/jobListing.htm?pos=118&ao=43297&s=58&guid=00000161290e32889e8c7960e17ac39f&src=GD_JOB_AD&t=SR&extid=1&exst=OL&ist=&ast=OL&vt=w&slr=true&rtp=0&cs=1_5cd60b2c&cb=1516812252002&jobListingId=2565093418
stuttgart,"Big Data Presales Specialist, EMEA",Informatica  NEU,,Stuttgart,,Stuttgart,https://www.glassdoor.com/partner/jobListing.htm?pos=119&ao=273304&s=58&guid=00000161290e32889e8c7960e17ac39f&src=GD_JOB_AD&t=SR&extid=1&exst=OL&ist=&ast=OL&vt=w&slr=true&rtp=0&cs=1_45deb2eb&cb=1516812252003&jobListingId=2644929846
stuttgart,Collection and Analysis of Citizen Science Data,DLR,,Stuttgart,,Stuttgart,https://www.glassdoor.com/partner/jobListing.htm?pos=120&ao=4120&s=58&guid=00000161290e32889e8c7960e17ac39f&src=GD_JOB_AD&t=SR&extid=1&exst=OL&ist=&ast=OL&vt=w&slr=true&rtp=0&cs=1_f1502b7a&cb=1516812252004&jobListingId=2615866568
stuttgart,Data Scientist Automated Driving,Bosch  NEU,,Vaihingen,,Vaihingen,https://www.glassdoor.com/partner/jobListing.htm?pos=121&ao=82955&s=58&guid=00000161290e32889e8c7960e17ac39f&src=GD_JOB_AD&t=SR&extid=1&exst=OL&ist=&ast=OL&vt=w&slr=true&rtp=0&cs=1_45c13edf&cb=1516812252005&jobListingId=2643856854
stuttgart,"Praktikum ab April 2018 im Bereich Treasury Controlling, Analytics & Standards",Daimler AG,,Stuttgart,,Stuttgart,https://www.glassdoor.com/partner/jobListing.htm?pos=122&ao=114107&s=58&guid=00000161290e32889e8c7960e17ac39f&src=GD_JOB_AD&t=SR&extid=1&exst=OL&ist=&ast=OL&vt=w&slr=true&rtp=0&cs=1_ae98231d&cb=1516812252009&jobListingId=2644853151
stuttgart,Mathematiker (m/w) als Data Scientist,Smart Digital,,Gerlingen,,Gerlingen,https://www.glassdoor.com/partner/jobListing.htm?pos=123&ao=4120&s=58&guid=00000161290e32889e8c7960e17ac39f&src=GD_JOB_AD&t=SR&extid=1&exst=OL&ist=&ast=OL&vt=w&slr=true&rtp=0&cs=1_899d6fbb&cb=1516812252010&jobListingId=2592191442
stuttgart,"Informatiker, Computerlinguist, Informationswissenschaftler, Data Scientist als Information Scientist - Semantic Solutions (m/w)",Boehringer Ingelheim,,Stuttgart,,Stuttgart,https://www.glassdoor.com/partner/jobListing.htm?pos=124&ao=212544&s=58&guid=00000161290e32889e8c7960e17ac39f&src=GD_JOB_AD&t=SR&extid=1&exst=OL&ist=&ast=OL&vt=w&slr=true&rtp=0&cs=1_ccf40992&cb=1516812252019&jobListingId=2604104668
stuttgart,Data Analyst Online Fahrzeugkauf (m/w),Porsche,,Stuttgart,,Stuttgart,https://www.glassdoor.com/partner/jobListing.htm?pos=125&ao=4120&s=58&guid=00000161290e32889e8c7960e17ac39f&src=GD_JOB_AD&t=SR&extid=1&exst=OL&ist=&ast=OL&vt=w&slr=true&rtp=0&cs=1_1aad37bc&cb=1516812252020&jobListingId=2587439510
stuttgart,Data Engineer / Big Data Architect Experte (m/w) am Standort Neu-Ulm oder Mannheim,Daimler AG  NEU,,Stuttgart,,Stuttgart,https://www.glassdoor.com/partner/jobListing.htm?pos=126&ao=4120&s=58&guid=00000161290e32889e8c7960e17ac39f&src=GD_JOB_AD&t=SR&extid=1&exst=OL&ist=&ast=OL&vt=w&slr=true&rtp=0&cs=1_d9d33fa1&cb=1516812252022&jobListingId=2644203254
stuttgart,Technical Data Analyst,Chrono24,,Stuttgart,,Stuttgart,https://www.glassdoor.com/partner/jobListing.htm?pos=127&ao=212544&s=58&guid=00000161290e32889e8c7960e17ac39f&src=GD_JOB_AD&t=SR&extid=1&exst=OL&ist=&ast=OL&vt=w&slr=true&rtp=0&cs=1_d53a6b48&cb=1516812252023&jobListingId=2606849808
stuttgart,Werkstudent (m/w) it Advanced Analytics (fr 12 Monate),Allianz Lebensversicherungs - AG  NEU,,Stuttgart,,Stuttgart,https://www.glassdoor.com/partner/jobListing.htm?pos=128&ao=210401&s=58&guid=00000161290e32889e8c7960e17ac39f&src=GD_JOB_AD&t=SR&extid=1&exst=OL&ist=&ast=OL&vt=w&slr=true&rtp=0&cs=1_931d682b&cb=1516812252024&jobListingId=2643310147
stuttgart,Specialist Analytics Platform & Applications (m/w),next level GmbH,,Stuttgart,,Stuttgart,https://www.glassdoor.com/partner/jobListing.htm?pos=129&ao=70759&s=58&guid=00000161290e32889e8c7960e17ac39f&src=GD_JOB_AD&t=SR&extid=1&exst=OL&ist=&ast=OL&vt=w&slr=true&rtp=0&cs=1_3f23ee59&cb=1516812252025&jobListingId=2644055556
stuttgart,(Senior) Consultant/Manager (w/m) Forensic Data Analytics,PERSICON  NEU,,Stuttgart,,Stuttgart,https://www.glassdoor.com/partner/jobListing.htm?pos=130&ao=4120&s=58&guid=00000161290e32889e8c7960e17ac39f&src=GD_JOB_AD&t=SR&extid=1&exst=OL&ist=&ast=OL&vt=w&slr=true&rtp=0&cs=1_5216c6dc&cb=1516812252026&jobListingId=2644085632
